feature1,feature2,nifedipine_correlation_mean,nifedipine_correlation_std,nifedipine_shapiro_p_value,nifedipine_is_normal,nifedipine_positive_proportion,nifedipine_negative_proportion,nifedipine_ci_95,nifedipine_correlated,nifedipine_correlation_type,e4031_correlation_mean,e4031_correlation_std,e4031_shapiro_p_value,e4031_is_normal,e4031_positive_proportion,e4031_negative_proportion,e4031_ci_95,e4031_correlated,e4031_correlation_type,ca_titration_correlation_mean,ca_titration_correlation_std,ca_titration_shapiro_p_value,ca_titration_is_normal,ca_titration_positive_proportion,ca_titration_negative_proportion,ca_titration_ci_95,ca_titration_correlated,ca_titration_correlation_type
force_peak_amplitude,duration,0.7637,0.0409,0.0,False,1.0,0.0,"(0.676, 0.833)",True,positive,0.5992,0.0935,0.0,False,1.0,0.0,"(0.389, 0.772)",True,positive,-0.763,0.0224,0.0,False,0.0,1.0,"(-0.804, -0.715)",True,negative
force_width_0.5 s,duration,0.8104,0.0354,0.0,False,1.0,0.0,"(0.738, 0.87)",True,positive,0.4315,0.099,0.0,False,1.0,0.0,"(0.221, 0.605)",True,positive,0.8212,0.0236,0.0,False,1.0,0.0,"(0.771, 0.861)",True,positive
force_width_0.5 s,force_peak_amplitude,0.9392,0.0111,0.0,False,1.0,0.0,"(0.916, 0.957)",True,positive,0.3658,0.1179,0.0015,False,0.997,0.003,"(0.117, 0.58)",True,positive,-0.7857,0.0224,0.0176,False,0.0,1.0,"(-0.825, -0.739)",True,negative
force_width_0.2 s,duration,0.8058,0.0374,0.0,False,1.0,0.0,"(0.725, 0.873)",True,positive,0.3683,0.1272,0.0,False,0.995,0.005,"(0.112, 0.588)",True,positive,0.8164,0.0256,0.0001,False,1.0,0.0,"(0.76, 0.861)",True,positive
force_width_0.2 s,force_peak_amplitude,0.9388,0.0133,0.0,False,1.0,0.0,"(0.908, 0.961)",True,positive,0.2485,0.1578,0.0,False,0.928,0.072,"(-0.086, 0.525)",False,inconclusive,-0.7676,0.026,0.0001,False,0.0,1.0,"(-0.814, -0.712)",True,negative
force_width_0.2 s,force_width_0.5 s,0.9692,0.0076,0.0,False,1.0,0.0,"(0.952, 0.98)",True,positive,0.5767,0.086,0.0,False,1.0,0.0,"(0.395, 0.726)",True,positive,0.938,0.008,0.0,False,1.0,0.0,"(0.92, 0.952)",True,positive
force_width_0.8 s,duration,0.8106,0.0334,0.0,False,1.0,0.0,"(0.741, 0.869)",True,positive,0.2757,0.1193,0.3827,True,0.988,0.012,"(0.045, 0.504)",True,positive,0.7682,0.0305,0.0,False,1.0,0.0,"(0.704, 0.825)",True,positive
force_width_0.8 s,force_peak_amplitude,0.9029,0.0173,0.0,False,1.0,0.0,"(0.864, 0.931)",True,positive,0.5168,0.1153,0.0,False,1.0,0.0,"(0.275, 0.716)",True,positive,-0.724,0.029,0.0,False,0.0,1.0,"(-0.774, -0.659)",True,negative
force_width_0.8 s,force_width_0.5 s,0.9557,0.0072,0.0,False,1.0,0.0,"(0.941, 0.968)",True,positive,0.3449,0.1178,0.224,True,0.997,0.003,"(0.092, 0.572)",True,positive,0.8651,0.0231,0.0,False,1.0,0.0,"(0.81, 0.903)",True,positive
force_width_0.8 s,force_width_0.2 s,0.943,0.0115,0.0,False,1.0,0.0,"(0.918, 0.962)",True,positive,0.4614,0.1305,0.0,False,0.997,0.003,"(0.189, 0.695)",True,positive,0.838,0.0266,0.0,False,1.0,0.0,"(0.78, 0.883)",True,positive
force_rise_time_0.2_0.8 s,duration,0.7538,0.0413,0.0001,False,1.0,0.0,"(0.665, 0.827)",True,positive,-0.3449,0.1151,0.0003,False,0.003,0.997,"(-0.56, -0.095)",True,negative,-0.2415,0.0745,0.9123,True,0.0,1.0,"(-0.387, -0.093)",True,negative
force_rise_time_0.2_0.8 s,force_peak_amplitude,0.8814,0.0287,0.0,False,1.0,0.0,"(0.815, 0.922)",True,positive,-0.5618,0.0818,0.0,False,0.0,1.0,"(-0.702, -0.38)",True,negative,0.5547,0.0549,0.0,False,1.0,0.0,"(0.439, 0.65)",True,positive
force_rise_time_0.2_0.8 s,force_width_0.5 s,0.9085,0.0202,0.0,False,1.0,0.0,"(0.863, 0.937)",True,positive,-0.3006,0.1227,0.2016,True,0.006,0.994,"(-0.531, -0.048)",True,negative,-0.3366,0.0678,0.125,True,0.0,1.0,"(-0.459, -0.196)",True,negative
force_rise_time_0.2_0.8 s,force_width_0.2 s,0.914,0.0125,0.0,False,1.0,0.0,"(0.886, 0.937)",True,positive,-0.1831,0.1228,0.7911,True,0.066,0.934,"(-0.43, 0.055)",False,inconclusive,-0.3332,0.0684,0.1805,True,0.0,1.0,"(-0.459, -0.2)",True,negative
force_rise_time_0.2_0.8 s,force_width_0.8 s,0.8932,0.0225,0.0,False,1.0,0.0,"(0.841, 0.924)",True,positive,-0.2006,0.1302,0.0001,False,0.068,0.932,"(-0.428, 0.067)",False,inconclusive,-0.2557,0.0703,0.7279,True,0.0,1.0,"(-0.39, -0.116)",True,negative
force_rise_time_0.8_max s,duration,0.6761,0.0535,0.0,False,1.0,0.0,"(0.559, 0.772)",True,positive,0.0621,0.127,0.0055,False,0.671,0.329,"(-0.176, 0.293)",False,inconclusive,0.2152,0.0702,0.1527,True,0.999,0.001,"(0.072, 0.343)",True,positive
force_rise_time_0.8_max s,force_peak_amplitude,0.8063,0.0269,0.0,False,1.0,0.0,"(0.748, 0.854)",True,positive,-0.0959,0.1305,0.8907,True,0.246,0.754,"(-0.352, 0.159)",False,inconclusive,-0.0153,0.0726,0.8223,True,0.421,0.579,"(-0.163, 0.126)",False,inconclusive
force_rise_time_0.8_max s,force_width_0.5 s,0.8321,0.0265,0.0,False,1.0,0.0,"(0.773, 0.88)",True,positive,-0.0403,0.1348,0.4904,True,0.39,0.61,"(-0.303, 0.237)",False,inconclusive,0.1622,0.071,0.3984,True,0.988,0.012,"(0.023, 0.303)",True,positive
force_rise_time_0.8_max s,force_width_0.2 s,0.8332,0.0267,0.0,False,1.0,0.0,"(0.776, 0.877)",True,positive,0.027,0.1336,0.2092,True,0.575,0.425,"(-0.226, 0.294)",False,inconclusive,0.1555,0.0701,0.1133,True,0.988,0.012,"(0.015, 0.291)",True,positive
force_rise_time_0.8_max s,force_width_0.8 s,0.8094,0.0304,0.0,False,1.0,0.0,"(0.745, 0.862)",True,positive,0.0436,0.1411,0.3566,True,0.622,0.378,"(-0.235, 0.314)",False,inconclusive,0.2784,0.0685,0.5267,True,1.0,0.0,"(0.142, 0.406)",True,positive
force_rise_time_0.8_max s,force_rise_time_0.2_0.8 s,0.7574,0.0416,0.0,False,1.0,0.0,"(0.67, 0.828)",True,positive,0.0666,0.1384,0.2982,True,0.685,0.315,"(-0.194, 0.319)",False,inconclusive,0.346,0.0616,0.061,True,1.0,0.0,"(0.228, 0.469)",True,positive
force_decay_time_max_0.8 s,duration,0.6536,0.0533,0.0002,False,1.0,0.0,"(0.543, 0.748)",True,positive,0.1004,0.1353,0.5065,True,0.776,0.224,"(-0.162, 0.362)",False,inconclusive,0.6855,0.0312,0.2217,True,1.0,0.0,"(0.622, 0.744)",True,positive
force_decay_time_max_0.8 s,force_peak_amplitude,0.785,0.0345,0.0001,False,1.0,0.0,"(0.714, 0.848)",True,positive,0.1233,0.1326,0.7194,True,0.822,0.178,"(-0.133, 0.366)",False,inconclusive,-0.7264,0.0344,0.0076,False,0.0,1.0,"(-0.79, -0.654)",True,negative
force_decay_time_max_0.8 s,force_width_0.5 s,0.8061,0.032,0.0,False,1.0,0.0,"(0.734, 0.863)",True,positive,0.0872,0.1286,0.6645,True,0.753,0.247,"(-0.171, 0.325)",False,inconclusive,0.8067,0.0203,0.0015,False,1.0,0.0,"(0.766, 0.843)",True,positive
force_decay_time_max_0.8 s,force_width_0.2 s,0.793,0.0352,0.0,False,1.0,0.0,"(0.718, 0.853)",True,positive,0.0185,0.1374,0.1552,True,0.561,0.439,"(-0.252, 0.271)",False,inconclusive,0.808,0.0204,0.0004,False,1.0,0.0,"(0.766, 0.847)",True,positive
force_decay_time_max_0.8 s,force_width_0.8 s,0.7916,0.0336,0.0,False,1.0,0.0,"(0.718, 0.851)",True,positive,0.0278,0.138,0.0026,False,0.586,0.414,"(-0.244, 0.283)",False,inconclusive,0.7481,0.0275,0.0003,False,1.0,0.0,"(0.691, 0.797)",True,positive
force_decay_time_max_0.8 s,force_rise_time_0.2_0.8 s,0.7611,0.0416,0.0,False,1.0,0.0,"(0.672, 0.833)",True,positive,-0.1273,0.123,0.2933,True,0.159,0.841,"(-0.355, 0.104)",False,inconclusive,-0.4725,0.0579,0.0892,True,0.0,1.0,"(-0.579, -0.351)",True,negative
force_decay_time_max_0.8 s,force_rise_time_0.8_max s,0.5955,0.0533,0.0002,False,1.0,0.0,"(0.483, 0.693)",True,positive,-0.1818,0.1313,0.0629,True,0.082,0.918,"(-0.435, 0.085)",False,inconclusive,-0.0847,0.0658,0.5727,True,0.104,0.896,"(-0.21, 0.046)",False,inconclusive
force_decay_time_0.2_0.8 s,duration,0.7311,0.0429,0.001,False,1.0,0.0,"(0.64, 0.812)",True,positive,0.3867,0.118,0.0021,False,1.0,0.0,"(0.146, 0.602)",True,positive,0.6766,0.028,0.4371,True,1.0,0.0,"(0.619, 0.729)",True,positive
force_decay_time_0.2_0.8 s,force_peak_amplitude,0.8402,0.0354,0.0,False,1.0,0.0,"(0.767, 0.901)",True,positive,0.5094,0.1177,0.0,False,1.0,0.0,"(0.249, 0.709)",True,positive,-0.6699,0.0451,0.0207,False,0.0,1.0,"(-0.755, -0.578)",True,negative
force_decay_time_0.2_0.8 s,force_width_0.5 s,0.8726,0.0317,0.0,False,1.0,0.0,"(0.808, 0.925)",True,positive,0.2936,0.1196,0.02,False,0.988,0.012,"(0.05, 0.513)",True,positive,0.7827,0.0217,0.0001,False,1.0,0.0,"(0.738, 0.824)",True,positive
force_decay_time_0.2_0.8 s,force_width_0.2 s,0.8998,0.0212,0.0,False,1.0,0.0,"(0.851, 0.935)",True,positive,0.4629,0.1259,0.0,False,0.997,0.003,"(0.183, 0.659)",True,positive,0.8316,0.0178,0.0001,False,1.0,0.0,"(0.794, 0.863)",True,positive
force_decay_time_0.2_0.8 s,force_width_0.8 s,0.8404,0.0352,0.0,False,1.0,0.0,"(0.763, 0.901)",True,positive,0.4383,0.124,0.0,False,0.999,0.001,"(0.161, 0.64)",True,positive,0.6442,0.0386,0.0001,False,1.0,0.0,"(0.561, 0.715)",True,positive
force_decay_time_0.2_0.8 s,force_rise_time_0.2_0.8 s,0.8159,0.0304,0.0,False,1.0,0.0,"(0.751, 0.87)",True,positive,-0.1663,0.1301,0.217,True,0.102,0.898,"(-0.414, 0.084)",False,inconclusive,-0.5213,0.0535,0.0002,False,0.0,1.0,"(-0.615, -0.41)",True,negative
force_decay_time_0.2_0.8 s,force_rise_time_0.8_max s,0.7422,0.0415,0.0,False,1.0,0.0,"(0.653, 0.817)",True,positive,-0.0621,0.1321,0.6721,True,0.317,0.683,"(-0.324, 0.205)",False,inconclusive,-0.1253,0.0649,0.3562,True,0.029,0.971,"(-0.247, 0.009)",False,inconclusive
force_decay_time_0.2_0.8 s,force_decay_time_max_0.8 s,0.6957,0.0506,0.0002,False,1.0,0.0,"(0.587, 0.786)",True,positive,0.0833,0.1374,0.0364,False,0.729,0.271,"(-0.203, 0.333)",False,inconclusive,0.7715,0.0253,0.0064,False,1.0,0.0,"(0.719, 0.818)",True,positive
calc_peak_amplitude,duration,0.4512,0.0771,0.001,False,1.0,0.0,"(0.281, 0.591)",True,positive,0.1062,0.131,0.6796,True,0.794,0.206,"(-0.148, 0.351)",False,inconclusive,-0.7987,0.019,0.3707,True,0.0,1.0,"(-0.834, -0.76)",True,negative
calc_peak_amplitude,force_peak_amplitude,0.5038,0.0728,0.0,False,1.0,0.0,"(0.346, 0.634)",True,positive,0.2483,0.1236,0.0001,False,0.971,0.029,"(-0.013, 0.469)",False,inconclusive,0.8533,0.0207,0.0,False,1.0,0.0,"(0.81, 0.89)",True,positive
calc_peak_amplitude,force_width_0.5 s,0.5032,0.0822,0.0,False,1.0,0.0,"(0.327, 0.65)",True,positive,-0.0962,0.1274,0.1199,True,0.232,0.768,"(-0.34, 0.158)",False,inconclusive,-0.7827,0.0232,0.0001,False,0.0,1.0,"(-0.823, -0.733)",True,negative
calc_peak_amplitude,force_width_0.2 s,0.5079,0.0791,0.0,False,1.0,0.0,"(0.342, 0.647)",True,positive,-0.1843,0.117,0.2995,True,0.063,0.937,"(-0.409, 0.049)",False,inconclusive,-0.8106,0.0209,0.0,False,0.0,1.0,"(-0.848, -0.765)",True,negative
calc_peak_amplitude,force_width_0.8 s,0.5026,0.0808,0.0,False,1.0,0.0,"(0.333, 0.652)",True,positive,-0.09,0.1344,0.2448,True,0.257,0.743,"(-0.336, 0.176)",False,inconclusive,-0.6708,0.0328,0.0,False,0.0,1.0,"(-0.729, -0.598)",True,negative
calc_peak_amplitude,force_rise_time_0.2_0.8 s,0.4785,0.0815,0.0,False,1.0,0.0,"(0.302, 0.617)",True,positive,-0.1149,0.1279,0.7805,True,0.187,0.813,"(-0.364, 0.132)",False,inconclusive,0.457,0.0612,0.0001,False,1.0,0.0,"(0.33, 0.566)",True,positive
calc_peak_amplitude,force_rise_time_0.8_max s,0.4178,0.0791,0.0,False,1.0,0.0,"(0.253, 0.558)",True,positive,-0.0268,0.1257,0.017,False,0.427,0.573,"(-0.27, 0.212)",False,inconclusive,0.0002,0.071,0.6418,True,0.504,0.496,"(-0.13, 0.136)",False,inconclusive
calc_peak_amplitude,force_decay_time_max_0.8 s,0.4086,0.0794,0.0,False,1.0,0.0,"(0.241, 0.546)",True,positive,0.0999,0.1345,0.8398,True,0.781,0.219,"(-0.163, 0.362)",False,inconclusive,-0.7255,0.0302,0.0094,False,0.0,1.0,"(-0.78, -0.664)",True,negative
calc_peak_amplitude,force_decay_time_0.2_0.8 s,0.392,0.0844,0.0034,False,1.0,0.0,"(0.217, 0.541)",True,positive,-0.1281,0.125,0.0452,False,0.154,0.846,"(-0.359, 0.119)",False,inconclusive,-0.7911,0.0288,0.0012,False,0.0,1.0,"(-0.843, -0.732)",True,negative
calc_width_0.5 s,duration,0.721,0.0459,0.0068,False,1.0,0.0,"(0.626, 0.804)",True,positive,-0.0932,0.1315,0.6991,True,0.247,0.753,"(-0.347, 0.161)",False,inconclusive,0.2905,0.0676,0.9534,True,1.0,0.0,"(0.161, 0.421)",True,positive
calc_width_0.5 s,force_peak_amplitude,0.901,0.0226,0.0,False,1.0,0.0,"(0.852, 0.938)",True,positive,-0.3256,0.1164,0.2768,True,0.004,0.996,"(-0.542, -0.094)",True,negative,0.0278,0.0703,0.7158,True,0.632,0.368,"(-0.106, 0.166)",False,inconclusive
calc_width_0.5 s,force_width_0.5 s,0.8757,0.0236,0.0,False,1.0,0.0,"(0.822, 0.916)",True,positive,0.3485,0.1187,0.0012,False,0.999,0.001,"(0.103, 0.563)",True,positive,0.3563,0.0654,0.0075,False,1.0,0.0,"(0.229, 0.483)",True,positive
calc_width_0.5 s,force_width_0.2 s,0.8752,0.0246,0.0,False,1.0,0.0,"(0.82, 0.918)",True,positive,0.425,0.1212,0.0,False,1.0,0.0,"(0.16, 0.633)",True,positive,0.3773,0.0657,0.0212,False,1.0,0.0,"(0.244, 0.503)",True,positive
calc_width_0.5 s,force_width_0.8 s,0.8331,0.0295,0.0,False,1.0,0.0,"(0.769, 0.882)",True,positive,0.0603,0.1245,0.4891,True,0.691,0.309,"(-0.189, 0.298)",False,inconclusive,0.285,0.0672,0.7026,True,1.0,0.0,"(0.154, 0.409)",True,positive
calc_width_0.5 s,force_rise_time_0.2_0.8 s,0.8328,0.035,0.0,False,1.0,0.0,"(0.755, 0.893)",True,positive,0.1783,0.124,0.2915,True,0.925,0.075,"(-0.083, 0.413)",False,inconclusive,0.1342,0.0688,0.9028,True,0.979,0.021,"(0.005, 0.269)",True,positive
calc_width_0.5 s,force_rise_time_0.8_max s,0.7471,0.0398,0.0,False,1.0,0.0,"(0.662, 0.815)",True,positive,-0.0361,0.1252,0.232,True,0.388,0.612,"(-0.269, 0.225)",False,inconclusive,0.1952,0.0651,0.2479,True,1.0,0.0,"(0.074, 0.321)",True,positive
calc_width_0.5 s,force_decay_time_max_0.8 s,0.7233,0.0441,0.0,False,1.0,0.0,"(0.631, 0.796)",True,positive,0.0651,0.1293,0.7711,True,0.705,0.295,"(-0.193, 0.31)",False,inconclusive,0.2202,0.0724,0.2329,True,0.999,0.001,"(0.081, 0.355)",True,positive
calc_width_0.5 s,force_decay_time_0.2_0.8 s,0.7967,0.0375,0.0,False,1.0,0.0,"(0.72, 0.862)",True,positive,0.077,0.1128,0.6546,True,0.748,0.252,"(-0.147, 0.295)",False,inconclusive,0.3275,0.069,0.1169,True,1.0,0.0,"(0.189, 0.452)",True,positive
calc_width_0.5 s,calc_peak_amplitude,0.4129,0.0783,0.0022,False,1.0,0.0,"(0.246, 0.553)",True,positive,-0.3111,0.1265,0.0267,False,0.01,0.99,"(-0.549, -0.068)",True,negative,-0.1687,0.0693,0.6343,True,0.009,0.991,"(-0.304, -0.037)",True,negative
calc_width_0.2 s,duration,0.4399,0.0779,0.0053,False,1.0,0.0,"(0.275, 0.58)",True,positive,-0.3491,0.1244,0.2311,True,0.002,0.998,"(-0.596, -0.1)",True,negative,0.1203,0.0717,0.1404,True,0.947,0.053,"(-0.027, 0.258)",False,inconclusive
calc_width_0.2 s,force_peak_amplitude,0.6517,0.0662,0.0,False,1.0,0.0,"(0.504, 0.769)",True,positive,-0.6554,0.0644,0.0,False,0.0,1.0,"(-0.762, -0.506)",True,negative,0.1869,0.0727,0.8479,True,0.997,0.003,"(0.045, 0.327)",True,positive
calc_width_0.2 s,force_width_0.5 s,0.6008,0.0712,0.0,False,1.0,0.0,"(0.449, 0.726)",True,positive,0.0891,0.13,0.1823,True,0.764,0.236,"(-0.178, 0.329)",False,inconclusive,0.1837,0.0669,0.1512,True,0.997,0.003,"(0.051, 0.31)",True,positive
calc_width_0.2 s,force_width_0.2 s,0.6012,0.0706,0.0001,False,1.0,0.0,"(0.455, 0.729)",True,positive,0.1951,0.1339,0.0002,False,0.916,0.084,"(-0.075, 0.44)",False,inconclusive,0.2301,0.0658,0.3156,True,0.999,0.001,"(0.099, 0.354)",True,positive
calc_width_0.2 s,force_width_0.8 s,0.5456,0.0733,0.0005,False,1.0,0.0,"(0.388, 0.677)",True,positive,-0.1205,0.1157,0.1653,True,0.146,0.854,"(-0.34, 0.115)",False,inconclusive,0.1745,0.0657,0.0017,False,0.995,0.005,"(0.037, 0.294)",True,positive
calc_width_0.2 s,force_rise_time_0.2_0.8 s,0.5783,0.0724,0.0,False,1.0,0.0,"(0.415, 0.708)",True,positive,0.339,0.1219,0.0001,False,0.994,0.006,"(0.089, 0.556)",True,positive,0.1918,0.0683,0.0154,False,0.994,0.006,"(0.056, 0.322)",True,positive
calc_width_0.2 s,force_rise_time_0.8_max s,0.4985,0.0708,0.0072,False,1.0,0.0,"(0.353, 0.634)",True,positive,0.0427,0.1234,0.9563,True,0.629,0.37,"(-0.195, 0.287)",False,inconclusive,0.1552,0.0648,0.4765,True,0.994,0.006,"(0.03, 0.278)",True,positive
calc_width_0.2 s,force_decay_time_max_0.8 s,0.504,0.0701,0.0081,False,1.0,0.0,"(0.362, 0.632)",True,positive,-0.0236,0.1328,0.8777,True,0.424,0.576,"(-0.298, 0.235)",False,inconclusive,0.0958,0.0688,0.0167,False,0.917,0.083,"(-0.034, 0.228)",False,inconclusive
calc_width_0.2 s,force_decay_time_0.2_0.8 s,0.5267,0.0737,0.0005,False,1.0,0.0,"(0.372, 0.662)",True,positive,-0.1353,0.1148,0.582,True,0.121,0.879,"(-0.359, 0.079)",False,inconclusive,0.2007,0.0684,0.388,True,0.997,0.003,"(0.07, 0.334)",True,positive
calc_width_0.2 s,calc_peak_amplitude,0.1507,0.0851,0.4787,True,0.96,0.04,"(-0.026, 0.315)",False,inconclusive,-0.3362,0.1182,0.0594,True,0.004,0.996,"(-0.557, -0.094)",True,negative,-0.0054,0.0715,0.6884,True,0.449,0.551,"(-0.147, 0.132)",False,inconclusive
calc_width_0.2 s,calc_width_0.5 s,0.6308,0.0676,0.0001,False,1.0,0.0,"(0.481, 0.75)",True,positive,0.7709,0.0656,0.0,False,1.0,0.0,"(0.616, 0.875)",True,positive,0.5856,0.0512,0.1235,True,1.0,0.0,"(0.479, 0.681)",True,positive
calc_width_0.8 s,duration,0.6906,0.0503,0.0001,False,1.0,0.0,"(0.584, 0.783)",True,positive,0.1731,0.1254,0.0273,False,0.909,0.091,"(-0.081, 0.409)",False,inconclusive,0.1965,0.0698,0.2593,True,0.995,0.005,"(0.053, 0.331)",True,positive
calc_width_0.8 s,force_peak_amplitude,0.8184,0.0352,0.0,False,1.0,0.0,"(0.744, 0.88)",True,positive,-0.0523,0.1374,0.7383,True,0.367,0.633,"(-0.318, 0.213)",False,inconclusive,0.0331,0.0699,0.3894,True,0.693,0.307,"(-0.11, 0.167)",False,inconclusive
calc_width_0.8 s,force_width_0.5 s,0.8237,0.0359,0.0,False,1.0,0.0,"(0.751, 0.883)",True,positive,0.4071,0.1181,0.0064,False,0.999,0.001,"(0.15, 0.631)",True,positive,0.2113,0.0703,0.7599,True,0.999,0.001,"(0.074, 0.35)",True,positive
calc_width_0.8 s,force_width_0.2 s,0.8175,0.0373,0.0,False,1.0,0.0,"(0.74, 0.882)",True,positive,0.4554,0.115,0.0,False,1.0,0.0,"(0.215, 0.658)",True,positive,0.2251,0.0698,0.4821,True,1.0,0.0,"(0.086, 0.364)",True,positive
calc_width_0.8 s,force_width_0.8 s,0.7924,0.0368,0.0,False,1.0,0.0,"(0.715, 0.856)",True,positive,0.0968,0.131,0.1202,True,0.773,0.227,"(-0.171, 0.343)",False,inconclusive,0.2072,0.0675,0.4212,True,0.999,0.001,"(0.068, 0.334)",True,positive
calc_width_0.8 s,force_rise_time_0.2_0.8 s,0.7829,0.0439,0.0,False,1.0,0.0,"(0.69, 0.858)",True,positive,-0.0528,0.1279,0.7704,True,0.332,0.668,"(-0.309, 0.197)",False,inconclusive,0.1735,0.0696,0.0391,False,0.993,0.007,"(0.038, 0.303)",True,positive
calc_width_0.8 s,force_rise_time_0.8_max s,0.6953,0.0475,0.0001,False,1.0,0.0,"(0.6, 0.78)",True,positive,0.0381,0.1277,0.1328,True,0.595,0.405,"(-0.202, 0.291)",False,inconclusive,0.2396,0.0652,0.6105,True,1.0,0.0,"(0.107, 0.361)",True,positive
calc_width_0.8 s,force_decay_time_max_0.8 s,0.697,0.0503,0.0001,False,1.0,0.0,"(0.589, 0.789)",True,positive,-0.0229,0.12,0.0025,False,0.433,0.567,"(-0.257, 0.208)",False,inconclusive,0.0908,0.0718,0.7252,True,0.894,0.106,"(-0.049, 0.231)",False,inconclusive
calc_width_0.8 s,force_decay_time_0.2_0.8 s,0.7454,0.0481,0.0,False,1.0,0.0,"(0.638, 0.831)",True,positive,0.0657,0.1312,0.7071,True,0.697,0.303,"(-0.194, 0.321)",False,inconclusive,0.1206,0.0719,0.3779,True,0.959,0.041,"(-0.015, 0.264)",False,inconclusive
calc_width_0.8 s,calc_peak_amplitude,0.3692,0.0822,0.0265,False,1.0,0.0,"(0.199, 0.518)",True,positive,0.0155,0.1308,0.0563,True,0.556,0.444,"(-0.261, 0.266)",False,inconclusive,-0.0728,0.0717,0.8329,True,0.149,0.851,"(-0.218, 0.068)",False,inconclusive
calc_width_0.8 s,calc_width_0.5 s,0.813,0.0369,0.0,False,1.0,0.0,"(0.733, 0.876)",True,positive,0.5593,0.0999,0.0,False,1.0,0.0,"(0.345, 0.735)",True,positive,0.4781,0.0585,0.0163,False,1.0,0.0,"(0.356, 0.584)",True,positive
calc_width_0.8 s,calc_width_0.2 s,0.6116,0.0653,0.0008,False,1.0,0.0,"(0.474, 0.73)",True,positive,0.3869,0.1169,0.0,False,0.997,0.003,"(0.135, 0.587)",True,positive,0.2589,0.0683,0.0003,False,1.0,0.0,"(0.109, 0.382)",True,positive
calc_rise_time_0.2_0.8 s,duration,0.4218,0.0747,0.0984,True,1.0,0.0,"(0.272, 0.562)",True,positive,-0.0352,0.124,0.1691,True,0.379,0.621,"(-0.266, 0.207)",False,inconclusive,0.6224,0.0406,0.0083,False,1.0,0.0,"(0.535, 0.698)",True,positive
calc_rise_time_0.2_0.8 s,force_peak_amplitude,0.6122,0.0642,0.0029,False,1.0,0.0,"(0.479, 0.731)",True,positive,0.0646,0.1215,0.0606,True,0.705,0.295,"(-0.176, 0.303)",False,inconclusive,-0.7079,0.0441,0.0281,False,0.0,1.0,"(-0.79, -0.62)",True,negative
calc_rise_time_0.2_0.8 s,force_width_0.5 s,0.5755,0.0708,0.0043,False,1.0,0.0,"(0.43, 0.699)",True,positive,-0.2043,0.1231,0.0161,False,0.053,0.947,"(-0.427, 0.042)",False,inconclusive,0.6095,0.0442,0.0007,False,1.0,0.0,"(0.52, 0.689)",True,positive
calc_rise_time_0.2_0.8 s,force_width_0.2 s,0.5731,0.0714,0.0041,False,1.0,0.0,"(0.433, 0.7)",True,positive,-0.1013,0.1269,0.0836,True,0.216,0.784,"(-0.347, 0.149)",False,inconclusive,0.6043,0.0456,0.0001,False,1.0,0.0,"(0.512, 0.686)",True,positive
calc_rise_time_0.2_0.8 s,force_width_0.8 s,0.5484,0.0721,0.0078,False,1.0,0.0,"(0.403, 0.679)",True,positive,0.0513,0.1274,0.4518,True,0.657,0.342,"(-0.195, 0.3)",False,inconclusive,0.6082,0.0392,0.002,False,1.0,0.0,"(0.523, 0.681)",True,positive
calc_rise_time_0.2_0.8 s,force_rise_time_0.2_0.8 s,0.562,0.072,0.0041,False,1.0,0.0,"(0.413, 0.692)",True,positive,0.1496,0.1318,0.3806,True,0.872,0.128,"(-0.112, 0.402)",False,inconclusive,-0.2645,0.0684,0.0082,False,0.001,0.999,"(-0.395, -0.129)",True,negative
calc_rise_time_0.2_0.8 s,force_rise_time_0.8_max s,0.5122,0.0739,0.0087,False,1.0,0.0,"(0.368, 0.646)",True,positive,-0.0538,0.1348,0.9238,True,0.332,0.668,"(-0.314, 0.213)",False,inconclusive,0.1214,0.0725,0.3766,True,0.957,0.043,"(-0.023, 0.26)",False,inconclusive
calc_rise_time_0.2_0.8 s,force_decay_time_max_0.8 s,0.4655,0.0737,0.3044,True,1.0,0.0,"(0.315, 0.603)",True,positive,0.1306,0.1275,0.4244,True,0.856,0.144,"(-0.122, 0.368)",False,inconclusive,0.5286,0.0477,0.0079,False,1.0,0.0,"(0.429, 0.617)",True,positive
calc_rise_time_0.2_0.8 s,force_decay_time_0.2_0.8 s,0.5418,0.0754,0.0127,False,1.0,0.0,"(0.384, 0.681)",True,positive,-0.0381,0.1272,0.5682,True,0.381,0.619,"(-0.292, 0.202)",False,inconclusive,0.4421,0.0567,0.0266,False,1.0,0.0,"(0.331, 0.551)",True,positive
calc_rise_time_0.2_0.8 s,calc_peak_amplitude,-0.064,0.0903,0.0067,False,0.241,0.759,"(-0.243, 0.102)",False,inconclusive,0.144,0.1338,0.2508,True,0.844,0.156,"(-0.111, 0.391)",False,inconclusive,-0.6048,0.0498,0.0059,False,0.0,1.0,"(-0.696, -0.505)",True,negative
calc_rise_time_0.2_0.8 s,calc_width_0.5 s,0.5866,0.0695,0.0525,True,1.0,0.0,"(0.448, 0.716)",True,positive,-0.0945,0.1355,0.598,True,0.235,0.765,"(-0.352, 0.181)",False,inconclusive,0.0054,0.0703,0.9994,True,0.533,0.467,"(-0.133, 0.144)",False,inconclusive
calc_rise_time_0.2_0.8 s,calc_width_0.2 s,0.6139,0.0582,0.0,False,1.0,0.0,"(0.494, 0.721)",True,positive,-0.1347,0.1362,0.7231,True,0.154,0.845,"(-0.412, 0.136)",False,inconclusive,0.0423,0.0737,0.5926,True,0.714,0.286,"(-0.108, 0.183)",False,inconclusive
calc_rise_time_0.2_0.8 s,calc_width_0.8 s,0.5052,0.0713,0.0012,False,1.0,0.0,"(0.357, 0.64)",True,positive,-0.2208,0.1204,0.2761,True,0.038,0.962,"(-0.448, 0.025)",False,inconclusive,-0.2162,0.067,0.6858,True,0.0,1.0,"(-0.344, -0.09)",True,negative
calc_rise_time_0.8_max s,duration,0.5281,0.0642,0.0531,True,1.0,0.0,"(0.404, 0.649)",True,positive,-0.0415,0.1242,0.2522,True,0.362,0.638,"(-0.281, 0.203)",False,inconclusive,0.353,0.0601,0.769,True,1.0,0.0,"(0.238, 0.472)",True,positive
calc_rise_time_0.8_max s,force_peak_amplitude,0.6494,0.0581,0.0029,False,1.0,0.0,"(0.535, 0.755)",True,positive,-0.0609,0.1374,0.3458,True,0.309,0.691,"(-0.312, 0.225)",False,inconclusive,-0.361,0.0693,0.8091,True,0.0,1.0,"(-0.498, -0.227)",True,negative
calc_rise_time_0.8_max s,force_width_0.5 s,0.6426,0.0608,0.0114,False,1.0,0.0,"(0.52, 0.755)",True,positive,0.2071,0.1302,0.7089,True,0.933,0.067,"(-0.054, 0.45)",False,inconclusive,0.3511,0.066,0.818,True,1.0,0.0,"(0.228, 0.48)",True,positive
calc_rise_time_0.8_max s,force_width_0.2 s,0.6291,0.0608,0.0602,True,1.0,0.0,"(0.509, 0.742)",True,positive,0.2948,0.1227,0.5173,True,0.99,0.01,"(0.057, 0.528)",True,positive,0.3223,0.0681,0.2505,True,1.0,0.0,"(0.193, 0.453)",True,positive
calc_rise_time_0.8_max s,force_width_0.8 s,0.6266,0.0599,0.0011,False,1.0,0.0,"(0.503, 0.738)",True,positive,0.1683,0.1281,0.2706,True,0.902,0.098,"(-0.089, 0.41)",False,inconclusive,0.3286,0.0657,0.3076,True,1.0,0.0,"(0.194, 0.45)",True,positive
calc_rise_time_0.8_max s,force_rise_time_0.2_0.8 s,0.6238,0.0635,0.2592,True,1.0,0.0,"(0.493, 0.738)",True,positive,0.0627,0.1294,0.0521,True,0.7,0.3,"(-0.2, 0.312)",False,inconclusive,-0.0765,0.0713,0.0221,False,0.153,0.847,"(-0.204, 0.057)",False,inconclusive
calc_rise_time_0.8_max s,force_rise_time_0.8_max s,0.5379,0.0688,0.2684,True,1.0,0.0,"(0.4, 0.667)",True,positive,-0.0281,0.1326,0.4685,True,0.41,0.59,"(-0.279, 0.25)",False,inconclusive,0.1575,0.0663,0.3067,True,0.991,0.009,"(0.028, 0.291)",True,positive
calc_rise_time_0.8_max s,force_decay_time_max_0.8 s,0.54,0.0684,0.27,True,1.0,0.0,"(0.397, 0.665)",True,positive,-0.0995,0.1278,0.7309,True,0.218,0.782,"(-0.341, 0.146)",False,inconclusive,0.2614,0.0672,0.6975,True,1.0,0.0,"(0.128, 0.387)",True,positive
calc_rise_time_0.8_max s,force_decay_time_0.2_0.8 s,0.5986,0.0638,0.0221,False,1.0,0.0,"(0.466, 0.715)",True,positive,0.0302,0.1405,0.7951,True,0.585,0.415,"(-0.234, 0.307)",False,inconclusive,0.218,0.0703,0.1082,True,1.0,0.0,"(0.079, 0.351)",True,positive
calc_rise_time_0.8_max s,calc_peak_amplitude,0.1231,0.0939,0.006,False,0.905,0.095,"(-0.069, 0.288)",False,inconclusive,-0.1595,0.1199,0.0637,True,0.093,0.907,"(-0.385, 0.087)",False,inconclusive,-0.3364,0.0698,0.9348,True,0.0,1.0,"(-0.472, -0.204)",True,negative
calc_rise_time_0.8_max s,calc_width_0.5 s,0.6403,0.061,0.0629,True,1.0,0.0,"(0.521, 0.76)",True,positive,0.3423,0.1118,0.0186,False,0.999,0.001,"(0.118, 0.539)",True,positive,0.1091,0.0707,0.41,True,0.94,0.06,"(-0.03, 0.242)",False,inconclusive
calc_rise_time_0.8_max s,calc_width_0.2 s,0.4996,0.0673,0.0966,True,1.0,0.0,"(0.364, 0.621)",True,positive,0.2795,0.1189,0.0063,False,0.987,0.013,"(0.032, 0.502)",True,positive,-0.0924,0.0707,0.1617,True,0.104,0.896,"(-0.228, 0.047)",False,inconclusive
calc_rise_time_0.8_max s,calc_width_0.8 s,0.6482,0.0551,0.0001,False,1.0,0.0,"(0.536, 0.746)",True,positive,0.3053,0.1176,0.0003,False,0.991,0.009,"(0.068, 0.515)",True,positive,0.3248,0.0638,0.0225,False,1.0,0.0,"(0.194, 0.442)",True,positive
calc_rise_time_0.8_max s,calc_rise_time_0.2_0.8 s,0.5845,0.0614,0.0001,False,1.0,0.0,"(0.464, 0.696)",True,positive,-0.0677,0.1296,0.8955,True,0.305,0.695,"(-0.313, 0.179)",False,inconclusive,0.1739,0.0681,0.3572,True,0.994,0.006,"(0.041, 0.299)",True,positive
calc_decay_time_max_0.8 s,duration,0.3836,0.079,0.0285,False,1.0,0.0,"(0.227, 0.528)",True,positive,0.1289,0.1362,0.177,True,0.823,0.177,"(-0.135, 0.383)",False,inconclusive,-0.2802,0.0664,0.9324,True,0.0,1.0,"(-0.41, -0.153)",True,negative
calc_decay_time_max_0.8 s,force_peak_amplitude,0.4037,0.0794,0.0076,False,1.0,0.0,"(0.238, 0.544)",True,positive,-0.0711,0.1379,0.8946,True,0.302,0.698,"(-0.353, 0.201)",False,inconclusive,0.504,0.0601,0.1008,True,1.0,0.0,"(0.38, 0.62)",True,positive
calc_decay_time_max_0.8 s,force_width_0.5 s,0.3813,0.0849,0.0027,False,1.0,0.0,"(0.204, 0.531)",True,positive,0.2127,0.1274,0.5173,True,0.952,0.048,"(-0.046, 0.447)",False,inconclusive,-0.2904,0.064,0.1145,True,0.0,1.0,"(-0.406, -0.163)",True,negative
calc_decay_time_max_0.8 s,force_width_0.2 s,0.3781,0.0838,0.0019,False,1.0,0.0,"(0.21, 0.523)",True,positive,0.2521,0.1247,0.1105,True,0.974,0.026,"(-0.004, 0.489)",False,inconclusive,-0.2626,0.0653,0.2758,True,0.0,1.0,"(-0.384, -0.129)",True,negative
calc_decay_time_max_0.8 s,force_width_0.8 s,0.3599,0.0837,0.0251,False,1.0,0.0,"(0.186, 0.511)",True,positive,0.0351,0.1186,0.8362,True,0.625,0.374,"(-0.208, 0.261)",False,inconclusive,-0.2397,0.0625,0.2944,True,0.0,1.0,"(-0.359, -0.111)",True,negative
calc_decay_time_max_0.8 s,force_rise_time_0.2_0.8 s,0.3502,0.0848,0.0143,False,1.0,0.0,"(0.18, 0.507)",True,positive,-0.1075,0.127,0.3254,True,0.206,0.794,"(-0.344, 0.138)",False,inconclusive,0.3457,0.0661,0.0118,False,1.0,0.0,"(0.211, 0.467)",True,positive
calc_decay_time_max_0.8 s,force_rise_time_0.8_max s,0.2945,0.0837,0.5003,True,1.0,0.0,"(0.121, 0.453)",True,positive,0.1062,0.129,0.9422,True,0.795,0.205,"(-0.153, 0.353)",False,inconclusive,0.0893,0.0687,0.1849,True,0.902,0.098,"(-0.057, 0.219)",False,inconclusive
calc_decay_time_max_0.8 s,force_decay_time_max_0.8 s,0.309,0.0829,0.0787,True,1.0,0.0,"(0.146, 0.462)",True,positive,0.0074,0.1211,0.2795,True,0.518,0.482,"(-0.217, 0.243)",False,inconclusive,-0.2904,0.065,0.08,True,0.0,1.0,"(-0.414, -0.16)",True,negative
calc_decay_time_max_0.8 s,force_decay_time_0.2_0.8 s,0.3189,0.089,0.0134,False,1.0,0.0,"(0.132, 0.483)",True,positive,-0.0391,0.1376,0.4169,True,0.401,0.599,"(-0.315, 0.224)",False,inconclusive,-0.2672,0.0673,0.0551,True,0.0,1.0,"(-0.39, -0.135)",True,negative
calc_decay_time_max_0.8 s,calc_peak_amplitude,0.462,0.0781,0.0257,False,1.0,0.0,"(0.298, 0.606)",True,positive,0.0165,0.1249,0.1206,True,0.574,0.426,"(-0.24, 0.26)",False,inconclusive,0.4005,0.0642,0.1549,True,1.0,0.0,"(0.273, 0.522)",True,positive
calc_decay_time_max_0.8 s,calc_width_0.5 s,0.4076,0.0804,0.0582,True,1.0,0.0,"(0.242, 0.556)",True,positive,0.2862,0.1263,0.0709,True,0.984,0.016,"(0.031, 0.525)",True,positive,0.2228,0.0695,0.6503,True,1.0,0.0,"(0.082, 0.355)",True,positive
calc_decay_time_max_0.8 s,calc_width_0.2 s,0.2619,0.0819,0.1039,True,0.998,0.002,"(0.101, 0.414)",True,positive,0.2364,0.1319,0.0251,False,0.958,0.042,"(-0.032, 0.478)",False,inconclusive,0.2857,0.0664,0.6683,True,1.0,0.0,"(0.159, 0.419)",True,positive
calc_decay_time_max_0.8 s,calc_width_0.8 s,0.5805,0.0698,0.001,False,1.0,0.0,"(0.44, 0.703)",True,positive,0.6634,0.08,0.0,False,1.0,0.0,"(0.494, 0.798)",True,positive,0.4554,0.0601,0.0908,True,1.0,0.0,"(0.342, 0.576)",True,positive
calc_decay_time_max_0.8 s,calc_rise_time_0.2_0.8 s,0.0335,0.0835,0.1999,True,0.659,0.341,"(-0.131, 0.192)",False,inconclusive,-0.1942,0.1228,0.0266,False,0.062,0.938,"(-0.419, 0.056)",False,inconclusive,-0.3978,0.0623,0.263,True,0.0,1.0,"(-0.517, -0.273)",True,negative
calc_decay_time_max_0.8 s,calc_rise_time_0.8_max s,-0.044,0.0857,0.1665,True,0.289,0.711,"(-0.209, 0.133)",False,inconclusive,-0.2431,0.1212,0.3585,True,0.022,0.978,"(-0.473, -0.007)",True,negative,-0.5253,0.0548,0.1068,True,0.0,1.0,"(-0.628, -0.411)",True,negative
calc_decay_time_0.2_0.8 s,duration,0.0563,0.0938,0.0501,True,0.731,0.269,"(-0.142, 0.225)",False,inconclusive,-0.4607,0.1159,0.0635,True,0.0,1.0,"(-0.684, -0.233)",True,negative,-0.1836,0.068,0.5272,True,0.001,0.999,"(-0.323, -0.051)",True,negative
calc_decay_time_0.2_0.8 s,force_peak_amplitude,0.2019,0.0952,0.1863,True,0.98,0.02,"(0.008, 0.38)",True,positive,-0.7236,0.0567,0.0,False,0.0,1.0,"(-0.818, -0.594)",True,negative,0.433,0.0666,0.7992,True,1.0,0.0,"(0.304, 0.561)",True,positive
calc_decay_time_0.2_0.8 s,force_width_0.5 s,0.1328,0.097,0.4895,True,0.908,0.092,"(-0.064, 0.312)",False,inconclusive,-0.0164,0.1329,0.6489,True,0.456,0.544,"(-0.271, 0.238)",False,inconclusive,-0.1293,0.0649,0.65,True,0.02,0.98,"(-0.255, -0.008)",True,negative
calc_decay_time_0.2_0.8 s,force_width_0.2 s,0.1465,0.0963,0.3254,True,0.928,0.072,"(-0.044, 0.327)",False,inconclusive,0.0941,0.1397,0.0004,False,0.761,0.239,"(-0.199, 0.344)",False,inconclusive,-0.0787,0.0645,0.583,True,0.115,0.885,"(-0.207, 0.042)",False,inconclusive
calc_decay_time_0.2_0.8 s,force_width_0.8 s,0.0861,0.0945,0.5292,True,0.816,0.184,"(-0.094, 0.259)",False,inconclusive,-0.1805,0.1192,0.0409,False,0.065,0.935,"(-0.399, 0.074)",False,inconclusive,-0.1166,0.0626,0.0121,False,0.026,0.974,"(-0.244, 0.001)",False,inconclusive
calc_decay_time_0.2_0.8 s,force_rise_time_0.2_0.8 s,0.1502,0.0967,0.4936,True,0.933,0.067,"(-0.052, 0.327)",False,inconclusive,0.3907,0.1195,0.0,False,0.998,0.002,"(0.141, 0.594)",True,positive,0.2433,0.0632,0.3466,True,0.999,0.001,"(0.117, 0.362)",True,positive
calc_decay_time_0.2_0.8 s,force_rise_time_0.8_max s,0.088,0.0904,0.4729,True,0.835,0.165,"(-0.095, 0.258)",False,inconclusive,0.0728,0.1252,0.9595,True,0.724,0.276,"(-0.169, 0.317)",False,inconclusive,0.0417,0.0651,0.6471,True,0.733,0.267,"(-0.087, 0.172)",False,inconclusive
calc_decay_time_0.2_0.8 s,force_decay_time_max_0.8 s,0.1082,0.0898,0.3171,True,0.887,0.113,"(-0.067, 0.282)",False,inconclusive,-0.0479,0.131,0.3582,True,0.346,0.654,"(-0.314, 0.219)",False,inconclusive,-0.1405,0.0653,0.1372,True,0.012,0.988,"(-0.266, -0.02)",True,negative
calc_decay_time_0.2_0.8 s,force_decay_time_0.2_0.8 s,0.0995,0.0932,0.5336,True,0.859,0.141,"(-0.081, 0.271)",False,inconclusive,-0.1648,0.1127,0.666,True,0.078,0.922,"(-0.377, 0.058)",False,inconclusive,-0.0231,0.0666,0.1351,True,0.366,0.634,"(-0.147, 0.112)",False,inconclusive
calc_decay_time_0.2_0.8 s,calc_peak_amplitude,0.0608,0.0881,0.5777,True,0.755,0.245,"(-0.121, 0.226)",False,inconclusive,-0.3548,0.1109,0.0006,False,0.003,0.997,"(-0.556, -0.138)",True,negative,0.2463,0.0672,0.9335,True,1.0,0.0,"(0.111, 0.376)",True,positive
calc_decay_time_0.2_0.8 s,calc_width_0.5 s,0.1983,0.0935,0.3159,True,0.979,0.021,"(0.003, 0.384)",True,positive,0.671,0.0811,0.0,False,1.0,0.0,"(0.497, 0.804)",True,positive,0.3752,0.0579,0.2358,True,1.0,0.0,"(0.262, 0.485)",True,positive
calc_decay_time_0.2_0.8 s,calc_width_0.2 s,0.7349,0.0474,0.2474,True,1.0,0.0,"(0.64, 0.824)",True,positive,0.9416,0.0178,0.0,False,1.0,0.0,"(0.9, 0.968)",True,positive,0.8654,0.0211,0.0,False,1.0,0.0,"(0.82, 0.902)",True,positive
calc_decay_time_0.2_0.8 s,calc_width_0.8 s,0.0845,0.096,0.5517,True,0.808,0.192,"(-0.103, 0.267)",False,inconclusive,0.1869,0.1287,0.0013,False,0.919,0.081,"(-0.089, 0.418)",False,inconclusive,-0.0162,0.0659,0.8971,True,0.394,0.606,"(-0.15, 0.11)",False,inconclusive
calc_decay_time_0.2_0.8 s,calc_rise_time_0.2_0.8 s,0.2318,0.0848,0.3242,True,0.997,0.003,"(0.055, 0.398)",True,positive,-0.1381,0.1348,0.8968,True,0.151,0.849,"(-0.411, 0.131)",False,inconclusive,-0.1844,0.07,0.7499,True,0.001,0.999,"(-0.326, -0.054)",True,negative
calc_decay_time_0.2_0.8 s,calc_rise_time_0.8_max s,0.0722,0.0914,0.152,True,0.78,0.22,"(-0.098, 0.247)",False,inconclusive,0.1989,0.1242,0.025,False,0.936,0.064,"(-0.065, 0.441)",False,inconclusive,-0.2531,0.0662,0.1637,True,0.0,1.0,"(-0.377, -0.119)",True,negative
calc_decay_time_0.2_0.8 s,calc_decay_time_max_0.8 s,0.0158,0.0882,0.8923,True,0.574,0.426,"(-0.164, 0.189)",False,inconclusive,0.1026,0.1367,0.1636,True,0.774,0.226,"(-0.178, 0.361)",False,inconclusive,0.2416,0.0669,0.7623,True,1.0,0.0,"(0.108, 0.372)",True,positive
local_frequency[Hz],duration,-0.1343,0.0899,0.1902,True,0.072,0.928,"(-0.301, 0.053)",False,inconclusive,0.1935,0.1342,0.6148,True,0.927,0.073,"(-0.063, 0.455)",False,inconclusive,0.3854,0.0568,0.5096,True,1.0,0.0,"(0.273, 0.498)",True,positive
local_frequency[Hz],force_peak_amplitude,-0.2041,0.0887,0.1206,True,0.01,0.99,"(-0.374, -0.034)",True,negative,0.5173,0.051,0.0,False,1.0,0.0,"(0.394, 0.594)",True,positive,-0.7634,0.0219,0.4139,True,0.0,1.0,"(-0.805, -0.72)",True,negative
local_frequency[Hz],force_width_0.5 s,-0.1533,0.0964,0.0347,False,0.059,0.941,"(-0.337, 0.044)",False,inconclusive,-0.2989,0.117,0.0,False,0.011,0.989,"(-0.503, -0.038)",True,negative,0.4581,0.0435,0.4433,True,1.0,0.0,"(0.372, 0.541)",True,positive
local_frequency[Hz],force_width_0.2 s,-0.188,0.0947,0.1346,True,0.028,0.972,"(-0.369, 0.002)",False,inconclusive,-0.1948,0.1457,0.0,False,0.111,0.889,"(-0.445, 0.118)",False,inconclusive,0.4046,0.048,0.3134,True,1.0,0.0,"(0.313, 0.498)",True,positive
local_frequency[Hz],force_width_0.8 s,-0.1485,0.0947,0.0926,True,0.059,0.941,"(-0.328, 0.048)",False,inconclusive,0.1499,0.1179,0.243,True,0.896,0.104,"(-0.087, 0.367)",False,inconclusive,0.4215,0.0482,0.6048,True,1.0,0.0,"(0.325, 0.517)",True,positive
local_frequency[Hz],force_rise_time_0.2_0.8 s,-0.1634,0.0959,0.2429,True,0.049,0.951,"(-0.341, 0.028)",False,inconclusive,-0.193,0.1372,0.0272,False,0.078,0.922,"(-0.448, 0.075)",False,inconclusive,-0.5929,0.0408,0.0089,False,0.0,1.0,"(-0.671, -0.504)",True,negative
local_frequency[Hz],force_rise_time_0.8_max s,-0.1215,0.09,0.0499,False,0.099,0.901,"(-0.289, 0.056)",False,inconclusive,-0.1278,0.1258,0.7486,True,0.154,0.846,"(-0.373, 0.113)",False,inconclusive,-0.1251,0.0628,0.351,True,0.021,0.979,"(-0.244, -0.003)",True,negative
local_frequency[Hz],force_decay_time_max_0.8 s,-0.1372,0.0922,0.3558,True,0.074,0.926,"(-0.311, 0.056)",False,inconclusive,-0.0288,0.1257,0.0451,False,0.4,0.6,"(-0.264, 0.22)",False,inconclusive,0.4968,0.0418,0.0237,False,1.0,0.0,"(0.41, 0.573)",True,positive
local_frequency[Hz],force_decay_time_0.2_0.8 s,-0.1503,0.0939,0.5408,True,0.055,0.945,"(-0.33, 0.033)",False,inconclusive,0.1564,0.1191,0.84,True,0.902,0.098,"(-0.081, 0.392)",False,inconclusive,0.3917,0.0493,0.0454,False,1.0,0.0,"(0.292, 0.483)",True,positive
local_frequency[Hz],calc_peak_amplitude,-0.6745,0.0633,0.0,False,0.0,1.0,"(-0.786, -0.544)",True,negative,0.3419,0.106,0.0058,False,0.999,0.001,"(0.124, 0.535)",True,positive,-0.4783,0.0435,0.0661,True,0.0,1.0,"(-0.562, -0.391)",True,negative
local_frequency[Hz],calc_width_0.5 s,-0.1159,0.0898,0.0604,True,0.1,0.9,"(-0.288, 0.065)",False,inconclusive,-0.6966,0.0754,0.0,False,0.0,1.0,"(-0.822, -0.529)",True,negative,-0.2762,0.0566,0.8432,True,0.0,1.0,"(-0.384, -0.168)",True,negative
local_frequency[Hz],calc_width_0.2 s,0.0228,0.0882,0.0912,True,0.591,0.409,"(-0.135, 0.202)",False,inconclusive,-0.7121,0.078,0.0,False,0.0,1.0,"(-0.84, -0.536)",True,negative,-0.4675,0.0526,0.0146,False,0.0,1.0,"(-0.574, -0.369)",True,negative
local_frequency[Hz],calc_width_0.8 s,-0.0364,0.0914,0.0852,True,0.353,0.647,"(-0.214, 0.136)",False,inconclusive,-0.3531,0.119,0.0001,False,0.006,0.994,"(-0.565, -0.121)",True,negative,-0.1534,0.063,0.3333,True,0.01,0.99,"(-0.27, -0.025)",True,negative
local_frequency[Hz],calc_rise_time_0.2_0.8 s,0.1647,0.0926,0.5579,True,0.961,0.039,"(-0.014, 0.347)",False,inconclusive,0.244,0.1321,0.074,True,0.963,0.037,"(-0.032, 0.492)",False,inconclusive,0.4433,0.0529,0.4189,True,1.0,0.0,"(0.339, 0.549)",True,positive
local_frequency[Hz],calc_rise_time_0.8_max s,0.08,0.0967,0.3113,True,0.779,0.221,"(-0.1, 0.282)",False,inconclusive,-0.1172,0.1176,0.0547,True,0.153,0.847,"(-0.336, 0.117)",False,inconclusive,0.2881,0.0616,0.1619,True,1.0,0.0,"(0.159, 0.407)",True,positive
local_frequency[Hz],calc_decay_time_max_0.8 s,-0.2321,0.0858,0.6581,True,0.001,0.999,"(-0.399, -0.062)",True,negative,-0.3114,0.1152,0.3956,True,0.003,0.997,"(-0.529, -0.082)",True,negative,-0.4739,0.0545,0.0,False,0.0,1.0,"(-0.57, -0.356)",True,negative
local_frequency[Hz],calc_decay_time_0.2_0.8 s,-0.089,0.0881,0.5368,True,0.148,0.852,"(-0.258, 0.088)",False,inconclusive,-0.7105,0.0756,0.0,False,0.0,1.0,"(-0.833, -0.539)",True,negative,-0.5842,0.0454,0.1976,True,0.0,1.0,"(-0.671, -0.496)",True,negative
